Name,DistrictId
Chișinău,10
Codru,10
Cricova,10
Durlești,10
Sîngera,10
Vadul Lui Vodă,10
Vatra,10
Băcioi,10
Bîc,10
Brăila,10
Bubuieci,10
Budești,10
Buneți,10
Ceroborta,10
Cheltuitori,10
Ciorescu,10
Colonița,10
Condrița,10
Cruzești,10
Dobrogea,10
Dumbrava,10
Făuresti,10
Frumușica,10
Ghidighici,10
Goian,10
Goianul Nou,10
Grătiești,10
Hulboaca,10
Humulești,10
Revaca,10
Stăuceni,10
Străisteni,10
Tohatin,10
Trușeni,10
Văduleni,10
Bălți,3
Elizaveta,3
Sadovoe,3
Ceadîr-Lunga,11
Comrat,11
or. Vulcănești,11
Alexeevca,11
Avdarma,11
Baurci,11
Beșalma,11
Beșghioz,11
Bugeac,11
Carbalia,11
Cazaclia,11
Chioselia Rusă,11
Chiriet-Lunga,11
Chirsova,11
Cioc-Maidan,11
Cismichioi,11
Congaz,11
Congazcicul de Jos,11
Congazcicul de Sus,11
Copceac,11
Cotovscoe,11
Dezghingea,11
Dudulești,11
Etulia,11
Etulia Nouă,11
Ferapontievca,11
Gaidar,11
Joltai,11
Svetlîi,11
Tomai,11
s. Vulcănești,11
Camenca,36
Crasnoe,36
Dnestrovsc,36
Dubăsari,36
Grigoriopol,36
Maiac,36
Rîbnița,36
Slobozia,36
Tiraspol,36
Tiraspolul Nou,36
Afansievca,36
Alexandrovca,36
Alexandrovca Nouă,36
Andreevca,36
Andriașevca Nouă,36
Andriașevca Veche,36
Basarabca,36
Beloci,36
Bîcioc,36
Blijnii Hutor,36
Bodeni,36
Bosca,36
Brosteni,36
Bruslachi,36
Buschi,36
Butor,36
Butuceni,36
Calinovca,36
Caragaș,36
Carmanova,36
Caterinovca,36
Cernița,36
Chirov,36
Cioburciu,36
Cobasna,36
Coicova,36
Colosova,36
Comisarovca Nouă,36
Constantinovca,36
Corotna,36
Coșnița Nouă,36
Cotovca,36
Crasnaia Besarabia,36
Crasnaia Gorca,36
Crasnencoe,36
Crasnîi Octeabri,36
Crasnîi Vinogradari,36
Crasnoe,36
Crasnogorca,36
Cuzmin,36
Delacău,36
Dimitrova,36
Doibani 1,36
Doibani 2,36
Dubău,36
Dzerjinscoe,36
Fedoseevca,36
Frunză,36
Frunzăuca,36
Gherșunovca,36
Ghidirim,36
Goian,36
Goianul Nou,36
Haraba,36
Harmațca,36
Hîrjău,36
Hîrtop,36
Hlinaia,36
Hristovaia,36
Hrușca,36
Iagorlîc,36
Iantarnoe,36
India,36
Ivanovca,36
Jura,36
Lenin,36
Lîsaia Gora,36
Lunga,36
Lunga Nouă,36
Mălăiești,36
Marian,36
Mihailovca ,36
Mihailovca Nouă,36
Mocearovca,36
Mocra,36
Mocreachi,36
Molochișul Mare,36
Molochișul Mic,36
Nezavertailovca,36
Nicolscoe,36
Novaia Jizni,36
Novocotovsc,36
Novosavițcaia,36
Novovladimirovca,36
Ocnița,36
Ofatinți,36
Parcani,36
Pervomaisc,36
Pîcalova,36
Plopi,36
Pobeda,36
Podoima,36
Podoimița,36
Pohrebea Nouă,36
Popencu,36
Prioziornoe,36
Rașcov,36
Roghi,36
Rotari,36
Sadchi,36
Sărăței,36
Șevcenco,36
Severinovca,36
Șipca,36
Slobozia-Rașcov,36
Șmalena,36
Socolovca,36
Solnecinoe,36
Sovietscoe,36
Speia,36
Stanislavca,36
Stroiești,36
Sucleia,36
Suhaia Rîbnița,36
Tașlîc,36
Teiu,36
Tibuleuca,36
Tîrnauca,36
Tocmagiu,36
Uiutnoe,36
Ulmu,36
Ulmul Mic,36
Vadul Turcului,36
Valea Adîncă,36
Vărăncău,36
Vasilievca,36
Vesioloe,36
Vinogradnoe,36
Vladimirovca,36
Voitovca,36
Zaporojeț,36
Zăzuleni,36
Bender,4
Proteagailovca,4
Anenii Noi,1
Albinița,1
Balmaz,1
Batîc,1
Beriozchi,1
Botnărești,1
Botnăreștii noi,1
Bulboaca,1
Calfa,1
Calfa Nouă,1
Chetrosu,1
Chirca,1
Ciobanovca,1
Cobusca Nouă,1
Cobusca Veche,1
Crețoaia,1
Delacău,1
Floreni,1
Florești,1
Geamăna,1
Gura Bîcului,1
Hîrbovăț,1
Hîrbovățul Nou,1
Larga,1
Maximovca,1
Mereni,1
Merenii Noi,1
Mirnoe,1
Nicolaevca,1
Ochiul Roș,1
Picus,1
Puhăceni,1
Roșcani,1
Ruseni,1
Salcia,1
Șerpeni,1
Socoleni,1
Speia,1
Telița,1
Telița Nouă,1
Țînțăreni,1
Todirești,1
Troița Nouă,1
Varnița,1
Zolotievca,1
Basarabeasca,2
Abaclia,2
Bașcalia,2
Bogdanovca,2
Carabetovca,2
Carabiber,2
Iordanovca,2
Iserlia,2
Ivanovca,2
Sadaclia,2
Briceni,5
Lipcani,5
Balasinești,5
Bălcăuți,5
Beleavinți,5
Berlinți,5
Bezeda,5
Bocicăuți,5
Bogdănești,5
Bulboaca,5
Caracușenii Noi,5
Caracușenii Vechi,5
Chirilovca,5
Colicauți,5
Corjeuți,5
Coteala,5
Cotiujeni,5
Criva,5
Drepcăuți,5
Grimăncăuți,5
Grimești,5
Groznița,5
Halahora de Jos,5
Halahora de Sus,5
Hlina,5
Larga,5
Mărcăuți,5
Mărcăuții Noi,5
Medveja,5
Mihăileni,5
Pavlovca,5
Pererîta,5
Șirăuți,5
Slobozia-Medveja,5
Slobozia-Șirăuți,5
Tabani,5
Tețcani,5
Trebisăuți,5
Trestieni,5
Cahul,6
Alexanderfeld,6
Alexandru Ioan Cuza,6
Andrușul de Jos,6
Andrușul de Sus,6
Badicul Moldovenesc,6
Baurci-Moldoveni,6
Borceag,6
Brînza,6
Bucuria,6
Burlăceni,6
Burlacu,6
Chioselia Mare,6
Chircani,6
Cîșlița-Prut,6
Colibași,6
Cotihana,6
Crihana Veche,6
Cucoara,6
Doina,6
Frumușica,6
Găvănoasa,6
Giurgiulești,6
Greceni,6
Huluboaia,6
Hutulu,6
Iasnaia Poleana,6
Iujnoe,6
Larga Nouă,6
Larga Veche,6
Lebedenco,6
Lopățica,6
Lucești,6
Manta,6
Moscovei,6
Nicolaevca,6
Paicu,6
Pașcani,6
Pelinei,6
Roșu,6
Rumeantev,6
Sătuc,6
Slobozia Mare,6
Spicoasa,6
Taraclia de Salcie,6
Trataul de Salcie,6
Tătărești,6
Tretești,6
Trifeștii Noi,6
Tudorești,6
Ursoaia,6
Vadul lui Isac,6
Văleni,6
Vladimirovca,6
Zîrnești,6
Călărași,8
Bahmut,8
Bahu,8
Bravicea,8
Buda,8
Bularda,8
Căbăiești,8
Dereneu,8
Duma,8
Frumoasa,8
Hîrbovăț,8
Hîrjauca,8
Hirova,8
Hoginești,8
Horodiște,8
Leordoaia,8
Meleșeni,8
Mîndra,8
Nișcani,8
Novaci,8
Onișcani,8
Oricova,8
Palanca,8
Parcani,8
Păulești,8
Peticeni,8
Pîrjolteni,8
Pitușca,8
Podul Lung,8
Răciula,8
Rădeni,8
Sadova,8
Săseni,8
Schinoasa,8
Seliștea Nouă,8
Sipoteni,8
Sverida,8
Temeleuți,8
Țibirica,8
Tuzara,8
Ursari,8
Valcineț,8
Vărzăreștii Noi,8
Cantemir,7
Acui,7
Alexandrovca,7
Antonești,7
Baimaclia,7
Bobocica,7
Cania,7
Capaclia,7
Chioselia,7
Cîietu,7
Ciobalaccia,7
Cîrpești,7
Cîșla,7
Cociulia,7
Constantinești,7
Coștangalia,7
Crăciun,7
Dimitrova,7
Enichioi,7
Flocoasa,7
Floricica,7
Ghioltosu,7
Gotești,7
Hănăseni,7
Haragîș,7
Hîrtop,7
Iepureni,7
Lărguța,7
Leca,7
Lingura,7
Pleșeni,7
Plopi,7
Popovca,7
Porumbești,7
Sadîc,7
Șamalia,7
Șofranovca,7
Stoianovca,7
Suhat,7
Taraclia,7
Țărăncuța,7
Tartaul,7
Tătărășeni,7
Țiganca,7
Țiganca Nouă,7
Toceni,7
Țolica,7
Victorovca,7
Vîlcele,7
Vișniovca,7
or. Căinari,9
Căușeni,9
Baccealia,9
Baimaclia,9
Baurci,9
s. Căinari,9
Chircăiești,9
Chircăieștii Noi,9
Chițcani,9
Cîrnățeni,9
Cîrnățenii Noi,9
Ciuflești,9
Constantinovca,9
Copanca,9
Coșcalia,9
Cremenciug,9
Fîrlădeni,9
Florica,9
Gîsca,9
Grădinița,9
Grigorievca,9
Hagimus,9
Leuntea,9
Marianca de Sus,9
Merenești,9
Opaci,9
Pervomaisc,9
Plop,9
Plopi-Știubei,9
Săiți,9
Sălcuța,9
Sălcuța Nouă,9
Ștefănești,9
Surchiceni,9
Tănătari,9
Tănătarii Noi,9
Taraclia,9
Tocuz,9
Tricolici,9
Ucrainca,9
Ursoaia,9
Ursoaia Nouă,9
Valea Verde,9
Zahorna,9
Zaim,9
Zviozdocica,9
Cimișlia,12
Albina,12
Artimonovca,12
Batîr,12
Bogdanovca Nouă,12
Bogdanovca Veche,12
Cenac,12
Ciucur-Mingir,12
Codreni,12
Coștangalia,12
Dimitrovca,12
Ecaterinovca,12
Fetița,12
Gradiște,12
Gura Galbenei,12
Hîrtop,12
Ialpug,12
Ialpujeni,12
Iurievca,12
Ivanovca Nouă,12
Javgur,12
Lipoveni,12
Marienfeld,12
Maximeni,12
Mereni,12
Mihailovca,12
Munteni,12
Porumbrei,12
Prisaca,12
Sagaidac,12
Sagaidacul Nou,12
Satul Nou,12
Schinoșica,12
Selemet,12
Suric,12
Topala,12
Troițcoe,12
Valea Perjei,12
Zloți,12
Criuleni,13
Bălăbănești,13
Bălăsești,13
Bălțata,13
Bălțata de Sus,13
Boșcana,13
Chetroasa,13
Cimișeni,13
Ciopleni,13
Corjova,13
Coșernița,13
Cruglic,13
Dolinnoe,13
Drăsliceni,13
Dubăsarii Vechi,13
Hîrtopul Mare,13
Hîrtopul Mic,13
Hrușova,13
Ișnovăț,13
Izbiște,13
Jevreni,13
Logănești,13
Măgdăcești,13
Mălăiești,13
Mălăieștii Noi,13
Mardareuca,13
Mășcăuți,13
Miclești,13
Ohrincea,13
Onițcani,13
Pașcani,13
Porumbeni,13
Răculești,13
Ratuș,13
Rîșcova,13
Sagaidac,13
Sagaidacul de Sus,13
Slobozia-Dușca,13
Stețcani,13
Valea Coloniței,13
Valea Satului,13
Zăicana,13
Zolonceni,13
or. Dondușeni,14
Arionești,14
Baraboi,14
Boroseni,14
Braicău,14
Briceni,14
Briceva,14
Caraiman,14
Cernoleuca,14
Climăuți,14
Codrenii Noi,14
Corbu,14
Crișcăuți,14
s. Dondușeni,14
Elenovca,14
Elizavetovca,14
Frasin,14
Horodiște,14
Moșana,14
Octeabriscoe,14
Pivniceni,14
Plop,14
Pocrovca,14
Rediul Mare,14
Scăieni,14
Sudarca,14
Țaul,14
Teleșeuca,14
Teleșeuca Nouă,14
Tîrnova,14
or. Drochia,15
Antoneuca,15
Baroncea,15
Baroncea Nouă,15
Ceapaevca,15
Chetrosu,15
Cotova,15
Dominteni,15
s. Drochia,15
Fîntînița,15
Ghizdita,15
Gribova,15
Hăsnășenii Mari,15
Hăsnășenii Noi,15
Holoșnița Nouă,15
Iliciovca,15
Lazo,15
Măcăreuca,15
Maramonovca,15
Miciurin,15
Mîndîc,15
Moara de Piatră,15
Nicoreni,15
Ochiul Alb ,15
Palanca,15
Pelinia,15
Pervomaiscoe,15
Petreni,15
Popeștii de Jos,15
Popeștii de Sus,15
Popeștii Noi,15
Șalvirii Noi,15
Șalvirii Vechi,15
Sergheuca,15
Sofia,15
Șuri,15
Șurii Noi,15
Țarigrad,15
Zgurița,15
Cocieri,16
Corjova,16
Coșnița,16
Doroțcaia,16
Holercani,16
Mahala,16
Mărcăuți,16
Molovata,16
Molovata Nouă,16
Oxentea,16
Pîrîta,16
Pohrebea,16
Ustia,16
Vasilievca,16
Cupcini,17
Edineț,17
Alexăndreni,17
Alexeevca,17
Bădragii Noi,17
Bădragii Vechi,17
Bleșteni,17
Brătușeni,17
Brătușenii Noi,17
Brînzeni,17
Burlănești,17
Buzdugeni,17
Cepeleuți,17
Chetroșica Nouă,17
Chetroșica Veche,17
Chiurt,17
Clișcăuți,17
Constantinovca,17
Corpaci,17
Cuconeștii Noi,17
Cuconeștii Vechi,17
Fetești,17
Fîntîna Albă,17
Gașpar,17
Goleni,17
Gordinești,17
Gordineștii Noi,17
Hancăuți,17
Hincăuți,17
Hlinaia,17
Hlinaia Mică,17
Iachimeni,17
Lopatnic,17
Onești,17
Parcova,17
Poiana,17
Rîngaci,17
Rotunda,17
Ruseni,17
Slobodca,17
Șofrîncani,17
Stolniceni,17
Terebna,17
Tîrnova,17
Trinca,17
Vancicăuți,17
Viișoara,17
Volodeni,17
Zăbriceni,17
Fălești,18
Albinețul Nou,18
Albinețul Vechi,18
Beleuți,18
Bocani,18
Bocșa,18
Burghelea,18
Călinești,18
Călugăr,18
Catranîc,18
Chetriș,18
Chetrișul Nou,18
Ciolacu Nou,18
Ciolacu Vechi,18
Ciuluc,18
Comarovca,18
Cuzmenii Vechi,18
Doltu,18
Drujineni,18
Egorovca,18
Făgădău,18
Făleștii Noi,18
Frumușica,18
Glinjeni,18
Hiliuți,18
Hîncești,18
Hîrtop,18
Hitrești,18
Horești,18
Hrubna Nouă,18
Ilenuța,18
Ișcălău,18
Ivanovca,18
Izvoare,18
Logofteni,18
Lucăceni,18
Măgura,18
Măgura Nouă,18
Măgureanca,18
Mărăndeni,18
Moldoveanca,18
Musteața,18
Natalievca,18
Năvîrneț,18
Nicolaevca,18
Obreja Nouă,18
Obreja Veche,18
Pervomaisc,18
Pietrosu,18
Pietrosul Nou,18
Pînzăreni,18
Pînzărenii Noi,18
Pîrlița,18
Pocrovca,18
Pompa,18
Popovca,18
Pruteni,18
Răuțel,18
Răuțelul Nou,18
Rediul de Jos,18
Rediul de Sus,18
Risipeni,18
Sărata Nouă,18
Sărata Veche,18
Scumpia,18
Socii Noi,18
Socii Vechi,18
Șoltoaia,18
Suvorovca,18
Țapoc,18
Taxobeni,18
Unteni,18
Valea Rusului,18
Vrănești,18
Florești,19
Ghindești,19
Mărculești,19
Alexandrovca,19
Alexeevca,19
Antonovca,19
Băhrinești,19
Bezeni,19
Bobulești,19
Bursuc,19
Căprești,19
Cașunca,19
Cenușa,19
Cernița,19
Chirilovca,19
Ciripcău,19
Ciutulești,19
Coșernița,19
Cuhureștii de Jos,19
Cuhureștii de Sus,19
Cunicea,19
Domulgeni,19
Dumitreni,19
Făgădău,19
Frumușica,19
Frumușica Nouă,19
Frunzești,19
Ghindești,19
Gura Căinarului,19
Gura Camencii,19
Gvozdova,19
Hîrtop,19
Iliciovca,19
Ion Vodă,19
Ivanovca,19
Izvoare,19
Japca,19
Lunga,19
Maiscoe,19
Mărculești,19
Mărinești,19
Mihailovca,19
Năpadova,19
Nicolaevca,19
Octeabriscoe,19
Prajila,19
Prodănești,19
Prodăneștii Vechi,19
Putinești,19
Rădulenii Noi,19
Rădulenii Vechi,19
Roșietici,19
Roșieticii Vechi,19
Sănătăuca,19
Scăieni,19
Sevirova,19
Sîrbești,19
Ștefănești,19
Stîrceni,19
Temeleuți,19
Țipordei,19
Țîra,19
Tîrgul-Vertiujeni,19
Trifănești,19
Unchitești,19
Valea Rădoaiei,19
Vărvăreuca,19
Văscăuți,19
Vertiujeni,19
Zăluceni,19
Zarojeni,19
Glodeni,20
Balatina,20
Bisericani,20
Brînzeni,20
Butești,20
Cajba,20
Camenca,20
Camencuța,20
Ciuciulea,20
Clococenii Vechi,20
Cobani,20
Cot,20
Cuhnești,20
Danu,20
Dușmani,20
Fundurii Noi,20
Fundurii Vechi,20
Hîjdieni,20
Iabloana,20
Limbenii Noi,20
Limbenii Vechi,20
Lipovăț,20
Moara Domnească,20
Molești,20
Movileni,20
Nicolaevca,20
Petrunea,20
Serghieni,20
Soroca,20
Stîrcea,20
Sturzovca,20
Tomeștii Noi,20
Tomeștii Vechi,20
Ustia,20
Viișoara,20
Hîncești,21
Anini,21
Bălceana,21
Bobeica,21
Boghiceni,21
Bozieni,21
Brătianovca,21
Bujor,21
Buțeni,21
Călmățui,21
Caracui,21
Cărpineanca,21
Cărpineni,21
Cățeleni,21
Chetroșeni,21
Cioara,21
Ciuciuleni,21
Cornești,21
Coroliovca,21
Costești,21
Cotul Morii,21
Crasnoarmeiscoe,21
Dahnovici,21
Dancu,21
Drăgușeni,21
Drăgușenii Noi,21
Dubovca,21
Feteasca,21
Fîrlădeni,21
Frasin,21
Fundul Galbenei,21
Horjești,21
Horodca,21
Ivanovca,21
Lăpușna,21
Leușeni,21
Logănești,21
Marchet,21
Mereșeni,21
Mingir,21
Mirești,21
Negrea,21
Nemțeni,21
Obileni,21
Onești,21
Pașcani,21
Pereni,21
Pervomaiscoie,21
Pogănești,21
Rusca,21
Sărata-Galbenă,21
Sărata-Mereșeni,21
Sărăteni,21
Secăreni,21
Secărenii Noi,21
Semionovca,21
Șipoteni,21
Sofia,21
Stolniceni,21
Strîmbeni,21
Tălăiești,21
Valea Florii,21
Voinescu,21
Ialoveni,22
Alexandrovca,22
Bălțați,22
Bardar,22
Budăi,22
Cărbuna,22
Cigîrleni,22
Costești,22
Dănceni,22
Gangura,22
Găureni,22
Hansca,22
Homuteanovca,22
Horești,22
Horodca,22
Malcoci,22
Mileștii Mici,22
Mileștii Noi,22
Misovca,22
Molești,22
Nimoreni,22
Piatra Albă,22
Pojăreni,22
Puhoi,22
Răzeni,22
Ruseștii Noi,22
Ruseștii Vechi,22
Sociteni,22
Suruceni,22
Țipala,22
Ulmu,22
Văratic,22
Văsieni,22
Zîmbreni,22
Iargara,23
Leova,23
Băiuș,23
Beștemac,23
Borogani,23
Bulgărica,23
Cazangic,23
Ceadîr,23
Cîmpul Drept,23
Cîzlar,23
Cneazevca,23
Cociulia Nouă,23
Colibabovca,23
Covurlui,23
Cupcui,23
Cuporani,23
Filipeni,23
Frumușica,23
Hănășenii Noi,23
Hîrtop,23
Meșeni,23
Nicolaevca,23
Orac,23
Pitești,23
Romanovca,23
Sărata Nouă,23
Sărata-Răzeși,23
Sărăteni,23
Sărățica Nouă,23
Sărățica Veche,23
Seliște,23
Sîrma,23
Tigheci,23
Tochile-Răducani,23
Tomai,23
Tomaiul Nou,23
Troian,23
Troița,23
Victoria,23
Vozneseni,23
Nisporeni,24
Băcșeni,24
Bălănești,24
Bălăurești,24
Bărboieni,24
Boldurești,24
Bolțun,24
Brătuleni,24
Bursuc,24
Călimănești,24
Chilișoaia,24
Ciorești,24
Cîrnești,24
Ciutești,24
Cristești,24
Drojdieni,24
Găureni,24
Grozești,24
Heleșteni,24
Isăicani,24
Iurceni,24
Luminița,24
Marinici,24
Milești,24
Mîrzoaia,24
Odaia,24
Odobești,24
Păruceni,24
Seliște,24
Selișteni,24
Șendreni,24
Șișcani,24
Soltănești,24
Valea Nîrnovei,24
Valea-Trestieni,24
Vărzărești,24
Vînători,24
Vulcănești,24
Zberoaia,24
Frunză,25
or. Ocnița,25
Otaci,25
Berezovca,25
Bîrlădeni,25
Bîrnova,25
Călărașeuca,25
Clocușna,25
Codreni,25
Corestăuți,25
Dîngeni,25
Gîrbova,25
Grinăuți,25
Grinăuți-Moldova,25
Grinăuți-Raia,25
Hădărăuți,25
Lencăuți,25
Lipnic,25
Maiovca,25
Mereșeuca,25
Mihălășeni,25
Naslavcea,25
s. Ocnița,25
Paladea,25
Paustova,25
Rujnița,25
Sauca,25
Stălinești,25
Unguri,25
Vălcineț,25
Verejeni,25
Orhei,26
Andreevca,26
Berezlogi,26
Biești,26
Bolohan,26
Brănești,26
Brăviceni,26
Breanova,26
Budăi,26
Bulăiești,26
Butuceni,26
Camencea,26
Chiperceni,26
Cihoreni,26
Cioclîteni,26
Cișmea,26
Clisova,26
Clișova Nouă,26
Crihana,26
Cucuruzeni,26
Cucuruzenii de Sus,26
Curchi,26
Dișcova,26
Donici,26
Fedoreuca,26
Furceni,26
Ghetlova,26
Hîjdieni,26
Hulboaca,26
Inculeț,26
Isacova,26
Ivancea,26
Izvoare,26
Jeloboc,26
Jora de jos,26
Jora de Mijloc,26
Jora de Sus,26
Lopatna,26
Lucășeuca,26
Mălăiești,26
Mana,26
Mîrzaci,26
Mîrzești,26
Mitoc,26
Morovaia,26
Morozeni,26
Neculăieuca,26
Noroceni,26
Ocnița-Răzeși,26
Ocnița-Țărani,26
Pelivan,26
Peresecina,26
Piatra,26
Pocșești,26
Podgoreni,26
Pohorniceni,26
Pohrebeni,26
Puțintei,26
Sămănaca,26
Seliște,26
Șercani,26
Sirota,26
Slobozia-Hodorogea,26
Step-Soci,26
Susleni,26
Tabăra,26
Teleșeu,26
Tîrzieni,26
Trebujeni,26
Vatici,26
Vîprova,26
Vîșcăuți,26
Voroteț,26
Zahoreni,26
Zorile,26
Rezina,27
Boșernița,27
Buciușca,27
Bușăuca,27
Cinișeuți,27
Ciorna,27
Cogîlniceni,27
Cuizăuca,27
Echimăuți,27
Ghiduleni,27
Gordinești,27
Horodiște,27
Ignăței,27
Lalova,27
Lipceni,27
Mateuți,27
Meșeni,27
Mîncenii de Jos,27
Mîncenii de Sus,27
Nistreni,27
Otaci,27
Păpăuți,27
Peciște,27
Pereni,27
Piscărești,27
Pripiceni-Curchi,27
Pripiceni-Răzeși,27
Roșcani,27
Roșcanii de Jos,27
Roșcanii de Sus,27
Saharna,27
Saharna Nouă,27
Sîrcova,27
Slobozia-Horodiște,27
Solonceni,27
Stohnaia,27
Țahnăuți,27
Tarasova,27
Țareuca,27
Țipova,27
Trifești,27
Costești,28
Rîșcani,28
Alexăndrești,28
Aluniș,28
Armanca,28
Avrămeni,28
Bălanul Nou,28
Borosenii Noi,28
Braniște,28
Bulhac,28
Cepăria,28
Ciobanovca,28
Ciubara,28
Corlăteni,28
Cucuieții Noi,28
Cucucieții Vechi,28
Dămășcani,28
Druța,28
Dumeni,28
Duruitoarea,28
Duruitoarea Nouă,28
Gălășeni,28
Grinăuți,28
Hiliuți,28
Horodiște,28
Ivănești,28
Luparia,28
Mălăiești,28
Malinovscoe,28
Mihăileni,28
Mihăilenii Noi,28
Moșeni,28
Nihoreni,28
Păscăuți,28
Petrușeni,28
Pîrjota,28
Pociumbăuți,28
Pociumbeni,28
Proscureni,28
Răcăria,28
Rămăzan,28
Reteni,28
Reeteni-Vasileuți,28
Șaptebani,28
Singureni,28
Slobozia-Recea,28
Știubeieni,28
Sturzeni,28
Șumna,28
Sverdiac,28
Ușurei,28
Văratic,28
Vasileuți,28
Zăicani,28
Biruința,29
Sîngerei,29
Alexăndreni,29
Alexeuca,29
Antonovca,29
Bălășești,29
Bilicenii Noi,29
Bilicenii Vechi,29
Bobletici,29
Bocancea-Schit,29
Brejeni,29
Bursuceni,29
Chirileni,29
Chișcăreni,29
Ciuciuieni,29
Clișcăuți,29
Coada Iazului,29
Copăceni,29
Coșcodeni,29
Cotiujenii Mici,29
Cotovca,29
Cozești,29
Cubolta,29
Dobrogea Nouă,29
Dobrogea Veche,29
Drăgănești,29
Dumbrăvița,29
Evghenievca,29
Flămînzeni,29
Gavrilovca,29
Grigorăuca,29
Grigorești,29
Gura-Oituz,29
Heciul Nou,29
Heciul Vechi,29
Iezărenii Noi,29
Iezărenii Vechi,29
Izvoare,29
Lipovanca,29
Mărășești,29
Mărinești,29
Mihailovca,29
Mîndreștii Noi,29
Nicolaevca,29
Octeabriscoe,29
Pălăria,29
Pepeni,29
Pepenii Noi,29
Petropavlovca,29
Petrovca,29
Prepelița,29
Rădoaia,29
Răzălăi,29
Romanovca,29
Sacarovca,29
Sestaci,29
Sîngereii Noi,29
Slobozia-Chișcăreni,29
Slobozia-Măgura,29
Sloveanca,29
Țambula,29
Tăura Nouă,29
Tăura Veche,29
Țiplești,29
Țipletești,29
Trifănești,29
Valea lui Vlad,29
Valea Norocului,29
Vladimireuca,29
Vrănești,29
Șoldănești,30
Alcedar,30
Chipeșca,30
Climauții de Jos,30
Cobîlea,30
Cot,30
Cotiujenii Mari,30
Curătura,30
Cușelăuca,30
Cușmirca,30
Dobrușa,30
Fuzăuca,30
Găuzeni,30
Glinjeni,30
Lelina,30
Mihuleni,30
Odaia,30
Olișcani,30
Parcani,30
Pohoarna,30
Poiana,30
Răspopeni,30
Recești,30
Rogojeni,30
Salcia,30
Sămășcani,30
Șestaci,30
Șipca,30
Socola,30
Vadul-Rașcov,30
Zahorna,30
Soroca,31
Alexandru cel Bun,31
Bădiceni,31
Balinți,31
Balinții Noi,31
Băxani,31
Bulboci,31
Bulbocii Noi,31
Căinarii Vechi,31
Cerlina,31
Cosauți,31
Cremenciug,31
Cureșnița,31
Cureșnița Nouă,31
Dărcăuți,31
Dărcăuții Noi,31
Decebal,31
Dubna,31
Dumbrăveni,31
Egoreni,31
Floriceni,31
Grigorăuca,31
Holoșnița,31
Hristici,31
Iarova,31
Inundeni,31
Iorjnița,31
Livezi,31
Lugovoe,31
Mălcăuți,31
Nimereuca,31
Niorcani,31
Oclanda,31
Ocolina,31
Parcani,31
Pîrlița,31
Racovăț,31
Redi-Cereșnovăț,31
Regina Maria,31
Rublenița,31
Rublenița Noua,31
Rudi,31
Ruslanovca,31
Schineni,31
Schinenii Noi,31
Șeptelici,31
Slobozia Nouă,31
Slobozia-Cremene,31
Slobozia-Vărăncău,31
Sobari,31
Șolcani,31
Soloneț,31
Stoicani,31
Tătărăuca Nouă,31
Tătărăuca Veche,31
Țepilova,31
Tolocănești,31
Trifăuți,31
Vădeni,31
Valea,31
Vanțina,31
Vanțina Mică,31
Vărăncău,31
Vasilcău,31
Visoca,31
Voloave,31
Volovița,31
Zastînca,31
Ștefan Vodă,32
Alava,32
Antonești,32
Brezoaia,32
Căplani,32
Carahasani,32
Cioburciu,32
Copceac,32
Crocmaz,32
Ermoclia,32
Feștelița,32
Lazo,32
Marianca de Jos,32
Olănești,32
Palanca,32
Popeasca,32
Purcari,32
Răscăieți,32
Răscăieții Noi,32
Semionovca,32
Slobozia,32
Ștefănești,32
Talmaza,32
Tudora,32
Viișoara,32
Volintiri,32
Bucovăț,33
Strășeni,33
Căpriana,33
Chirianca,33
Ciobanca,33
Codreanca,33
Cojușna,33
Dolna,33
Drăgușeni,33
Făgureni,33
Gălești,33
Găleștii Noi,33
Ghelăuza,33
Gornoe,33
Greblești,33
Huzun,33
Lozova,33
Lupa-Recea,33
Mărtinești,33
Micăuți,33
Micleușeni,33
Negrești,33
Onești,33
Pănăsești,33
Rădeni,33
Rassvet,33
Recea,33
Romănești,33
Roșcani,33
Saca,33
Scoreni,33
Sireți,33
Stejăreni,33
Tătărești,33
Țigănești,33
Voinova,33
Vorniceni,33
Zamciogi,33
Zubrești,33
Taraclia,34
Albota de Jos,34
Albota de Sus,34
Aluatu,34
Balabanu,34
Budăi,34
Cairaclia,34
Cealîc,34
Chirilovca,34
Ciumai,34
Corten,34
Cortenul Nou,34
Dermengi,34
Hagichioi,34
Hîrtop,34
Mirnoe,34
Musaitu,34
Novosiolovca,34
Orehovca,34
Roșița,34
Salcia,34
Samurza,34
Sofievca,34
Tvardița,34
Valea Perjei,34
Vinogradovca,34
Telenești,35
Bănești,35
Băneștii Noi,35
Bogzești,35
Bondareuca,35
Brînzenii Noi,35
Brînzenii Vechi,35
Budăi,35
Căzănești,35
Chersac,35
Chiștelnița,35
Chițcanii Noi,35
Chițcanii Vechi,35
Ciofu,35
Cîșla,35
Ciulucani,35
Codru,35
Codrul Nou,35
Coropceni,35
Crăsnășeni,35
Cucioaia,35
Cucioaia Nouă,35
Dobrușa,35
Flutura,35
Ghermănești,35
Ghiliceni,35
Hirișeni,35
Hîrtop,35
Inești,35
Leușeni,35
Mihălașa,35
Mihălașa Nouă,35
Mîndra,35
Mîndrești,35
Negureni,35
Nucăreni,35
Ordășei,35
Pistruieni,35
Pistruienii Noi,35
Ratuș,35
Sărătenii Noi,35
Sărătenii Vechi,35
Scorțeni,35
Suhuluceni,35
Țînțăreni,35
Tîrșiței,35
Vadul-Leca,35
Vadul-Leca Nou,35
Văsieni,35
Verejeni,35
Zahareuca,35
Zăicani,35
Zăicanii Noi,35
Zgărdești,35
or. Cornești,37
Ungheni,37
Agronomovca,37
Alexeevca,37
Blindești,37
Boghenii Noi,37
Boghenii Vechi,37
Buciumeni,37
Bulhac,37
Bumbăta,37
Bușila,37
Buzduganii de Jos,37
Buzduganii de Sus,37
Cetireni,37
Chirileni,37
Cioropcani,37
Condrătești,37
s. Cornești,37
Cornova,37
Costuleni,37
Coșeni,37
Curtoaia,37
Drujba,37
Elizavetovca,37
Floreni,37
Florești,37
Florițoaia Nouă,37
Florițoaia Veche,37
Frăsinești,37
Gherman,37
Grăseni,37
Grozasca,37
Hîrcești,37
Hristoforovca,37
Izvoreni,37
Leordoaia,37
Lidovca,37
Măcărești,37
Măgurele,37
Mănoilești,37
Medeleni,37
Mircești,37
Mînzătești,37
Morenii Noi,37
Morenii Vechi,37
Năpădeni,37
Negurenii Noi,37
Negurenii Vechi,37
Novaia Nicolaevca,37
Petrești,37
Pîrlița,37
Poiana,37
Pojarna,37
Rădenii Vechi,37
Rezina,37
Romanovca,37
Săghieni,37
Sculeni,37
Semeni,37
Sinești,37
Șicovăț,37
Stolniceni,37
Teșcureni,37
Țîghira,37
Todirești,37
Unțești,37
Valea Mare,37
Veverița,37
Vulpești,37
Zagarancea,37
Zăzulenii Noi,37
Zăzulenii Vechi,37